{
	"credit": "Made with Blockbench",
	"textures": {
		"1": "entity/decorated_pot/decorated_pot_base",
		"2": "entity/decorated_pot/decorated_pot_side",
		"3": "entity/decorated_pot/decorated_pot_side2",
		"4": "entity/decorated_pot/decorated_pot_side3",
		"5": "entity/decorated_pot/decorated_pot_side4",
		"particle": "entity/decorated_pot/decorated_pot_side"
	},
	"elements": [
		{
			"from": [1, 0, 1],
			"to": [15, 16, 15],
			"faces": {
				"north": {"uv": [1, 0, 15, 16], "texture": "#3"},
				"east": {"uv": [1, 0, 15, 16], "texture": "#5"},
				"south": {"uv": [1, 0, 15, 16], "texture": "#2"},
				"west": {"uv": [1, 0, 15, 16], "texture": "#4"},
				"up": {"uv": [0, 5, 7, 12], "texture": "#1"},
				"down": {"uv": [0, 5, 7, 12], "texture": "#1"}
			}
		},
		{
			"from": [5, 16, 5],
			"to": [11, 20, 11],
			"faces": {
				"north": {"uv": [9, 3, 12, 5], "texture": "#1"},
				"east": {"uv": [0, 3, 3, 5], "texture": "#1"},
				"south": {"uv": [3, 3, 6, 5], "texture": "#1"},
				"west": {"uv": [6, 3, 9, 5], "texture": "#1"},
				"up": {"uv": [3, 0, 6, 3], "texture": "#1"},
				"down": {"uv": [13, 0, 16, 3], "texture": "#1"}
			}
		}
	]
}