{
	"credit": "Made with Blockbench",
	"ambientocclusion": false,
	"textures": {
		"0": "block/pot_vase",
		"1": "block/pot_vase_handle_double",
		"2": "block/dirt",
		"particle": "block/pot_vase"
	},
	"elements": [
		{
			"from": [6, 0, 6],
			"to": [10, 1, 10],
			"faces": {
				"north": {"uv": [0, 0, 4, 1], "texture": "#0"},
				"east": {"uv": [0, 0, 4, 1], "texture": "#0"},
				"south": {"uv": [0, 0, 4, 1], "texture": "#0"},
				"west": {"uv": [0, 0, 4, 1], "texture": "#0"},
				"up": {"uv": [0, 0, 4, 4], "texture": "#0"},
				"down": {"uv": [0, 12, 4, 16], "texture": "#0"}
			}
		},
		{
			"from": [6, 7, 6],
			"to": [10, 8, 10],
			"faces": {
				"north": {"uv": [0, 0, 4, 1], "texture": "#0"},
				"east": {"uv": [4, 0, 8, 1], "texture": "#0"},
				"south": {"uv": [4, 5, 8, 6], "texture": "#0"},
				"west": {"uv": [0, 5, 4, 6], "texture": "#0"},
				"up": {"uv": [0, 5, 4, 9], "texture": "#0"},
				"down": {"uv": [0, 5, 4, 9], "texture": "#0"}
			}
		},
		{
			"from": [9, 11, 6],
			"to": [10, 12, 10],
			"faces": {
				"north": {"uv": [0, 0, 1, 1], "texture": "#0"},
				"east": {"uv": [0, 0, 4, 1], "texture": "#0"},
				"south": {"uv": [0, 0, 1, 1], "texture": "#0"},
				"west": {"uv": [0, 0, 4, 1], "texture": "#0"},
				"up": {"uv": [0, 5, 1, 9], "texture": "#0"},
				"down": {"uv": [0, 5, 1, 9], "texture": "#0"}
			}
		},
		{
			"from": [7, 11, 9],
			"to": [9, 12, 10],
			"faces": {
				"north": {"uv": [0, 0, 2, 1], "texture": "#0"},
				"east": {"uv": [0, 0, 1, 1], "texture": "#0"},
				"south": {"uv": [0, 0, 2, 1], "texture": "#0"},
				"west": {"uv": [0, 0, 1, 1], "texture": "#0"},
				"up": {"uv": [0, 0, 2, 1], "texture": "#0"},
				"down": {"uv": [0, 0, 2, 1], "texture": "#0"}
			}
		},
		{
			"from": [7, 11, 6],
			"to": [9, 12, 7],
			"faces": {
				"north": {"uv": [0, 0, 2, 1], "texture": "#0"},
				"east": {"uv": [0, 0, 1, 1], "texture": "#0"},
				"south": {"uv": [0, 0, 2, 1], "texture": "#0"},
				"west": {"uv": [0, 0, 1, 1], "texture": "#0"},
				"up": {"uv": [0, 0, 2, 1], "texture": "#0"},
				"down": {"uv": [0, 0, 2, 1], "texture": "#0"}
			}
		},
		{
			"from": [6, 11, 6],
			"to": [7, 12, 10],
			"faces": {
				"north": {"uv": [0, 0, 1, 1], "texture": "#0"},
				"east": {"uv": [2, 8, 6, 9], "texture": "#0"},
				"south": {"uv": [0, 0, 1, 1], "texture": "#0"},
				"west": {"uv": [2, 6, 6, 7], "texture": "#0"},
				"up": {"uv": [0, 6, 1, 10], "texture": "#0"},
				"down": {"uv": [1, 5, 2, 9], "texture": "#0"}
			}
		},
		{
			"from": [7, 8, 7],
			"to": [9, 11, 9],
			"faces": {
				"north": {"uv": [6, 0, 8, 3], "texture": "#0"},
				"east": {"uv": [6, 3, 8, 6], "texture": "#0"},
				"south": {"uv": [6, 3, 8, 6], "texture": "#0"},
				"west": {"uv": [6, 0, 8, 3], "texture": "#0"},
				"up": {"uv": [6, 6, 8, 8], "texture": "#0"},
				"down": {"uv": [6, 6, 8, 8], "texture": "#0"}
			}
		},
		{
			"from": [7, 11, 7],
			"to": [9, 11, 9],
			"faces": {
				"north": {"uv": [6, 0, 8, 3], "texture": "#0"},
				"east": {"uv": [6, 3, 8, 6], "texture": "#0"},
				"south": {"uv": [6, 3, 8, 6], "texture": "#0"},
				"west": {"uv": [6, 0, 8, 3], "texture": "#0"},
				"up": {"uv": [0, 0, 2, 2], "texture": "#2"},
				"down": {"uv": [4, 6, 6, 8], "texture": "#0"}
			}
		},
		{
			"from": [5, 1, 5],
			"to": [11, 7, 11],
			"faces": {
				"north": {"uv": [0, 0, 6, 6], "texture": "#0"},
				"east": {"uv": [0, 0, 6, 6], "texture": "#0"},
				"south": {"uv": [0, 0, 6, 6], "texture": "#0"},
				"west": {"uv": [0, 0, 6, 6], "texture": "#0"},
				"up": {"uv": [0, 6, 6, 12], "texture": "#0"},
				"down": {"uv": [0, 6, 6, 12], "texture": "#0"}
			}
		},
		{
			"from": [0, 11, 7.93934],
			"to": [16, 25.4, 7.93934],
			"rotation": {"angle": -45, "axis": "y", "origin": [8, 18.2, 7.93934]},
			"color": 2,
			"faces": {
				"north": {"uv": [0, 0, 16, 14.4], "texture": "#plant"},
				"east": {"uv": [0, 0, 0, 14.4], "texture": "#plant"},
				"south": {"uv": [0, 0, 16, 14.4], "texture": "#plant"},
				"west": {"uv": [0, 0, 0, 14.4], "texture": "#plant"},
				"up": {"uv": [0, 0, 16, 0], "texture": "#missing"},
				"down": {"uv": [0, 0, 16, 0], "texture": "#missing"}
			}
		},
		{
			"from": [0, 11, 7.93934],
			"to": [16, 25.4, 7.93934],
			"rotation": {"angle": 45, "axis": "y", "origin": [8, 18.2, 7.93934]},
			"color": 2,
			"faces": {
				"north": {"uv": [0, 0, 16, 14.4], "texture": "#plant"},
				"east": {"uv": [0, 0, 0, 14.4], "texture": "#plant"},
				"south": {"uv": [0, 0, 16, 14.4], "texture": "#plant"},
				"west": {"uv": [0, 0, 0, 14.4], "texture": "#plant"},
				"up": {"uv": [0, 0, 16, 0], "texture": "#missing"},
				"down": {"uv": [0, 0, 16, 0], "texture": "#missing"}
			}
		},
		{
			"from": [4, 7, 7.93934],
			"to": [12, 11, 7.93934],
			"rotation": {"angle": 45, "axis": "y", "origin": [8, 18.2, 7.93934]},
			"faces": {
				"north": {"uv": [0, 0, 10, 6], "texture": "#1"},
				"east": {"uv": [0, 0, 0, 4], "texture": "#missing"},
				"south": {"uv": [0, 0, 10, 6], "texture": "#1"},
				"west": {"uv": [0, 0, 0, 4], "texture": "#missing"},
				"up": {"uv": [0, 0, 4, 0], "texture": "#missing"},
				"down": {"uv": [0, 0, 4, 0], "texture": "#missing"}
			}
		}
	],
	"groups": [
		0,
		1,
		2,
		3,
		4,
		5,
		6,
		7,
		8,
		{
			"name": "group",
			"origin": [0, 0, 0],
			"color": 0,
			"children": [9, 10]
		},
		{
			"name": "group",
			"origin": [8, 18.2, 7.93934],
			"color": 0,
			"children": [11]
		}
	]
}