{
	"credit": "Made with Blockbench",
	"ambientocclusion": false,
	"textures": {
		"0": "block/pot_small",
		"1": "block/dirt",
		"particle": "block/pot_small"
	},
	"elements": [
		{
			"from": [6, 0, 6],
			"to": [10, 3, 10],
			"faces": {
				"north": {"uv": [0, 4, 4, 7], "texture": "#0"},
				"east": {"uv": [0, 3, 4, 6], "texture": "#0"},
				"south": {"uv": [1, 5, 5, 8], "texture": "#0"},
				"west": {"uv": [2, 7, 6, 10], "texture": "#0"},
				"up": {"uv": [0, 6, 4, 10], "texture": "#0"},
				"down": {"uv": [0, 10, 4, 14], "texture": "#0"}
			}
		},
		{
			"from": [6, 3, 9],
			"to": [10, 4, 10],
			"faces": {
				"north": {"uv": [0, 4, 4, 5], "texture": "#0"},
				"east": {"uv": [0, 3, 1, 4], "texture": "#0"},
				"south": {"uv": [1, 5, 5, 6], "texture": "#0"},
				"west": {"uv": [2, 7, 3, 8], "texture": "#0"},
				"up": {"uv": [0, 6, 4, 7], "texture": "#0"},
				"down": {"uv": [2, 3, 6, 4], "texture": "#0"}
			}
		},
		{
			"from": [9, 3, 7],
			"to": [10, 4, 9],
			"faces": {
				"north": {"uv": [0, 4, 1, 5], "texture": "#0"},
				"east": {"uv": [0, 3, 2, 4], "texture": "#0"},
				"south": {"uv": [1, 5, 2, 6], "texture": "#0"},
				"west": {"uv": [2, 7, 4, 8], "texture": "#0"},
				"up": {"uv": [0, 6, 1, 8], "texture": "#0"},
				"down": {"uv": [2, 3, 3, 5], "texture": "#0"}
			}
		},
		{
			"from": [6, 3, 7],
			"to": [7, 4, 9],
			"faces": {
				"north": {"uv": [0, 4, 1, 5], "texture": "#0"},
				"east": {"uv": [0, 3, 2, 4], "texture": "#0"},
				"south": {"uv": [1, 5, 2, 6], "texture": "#0"},
				"west": {"uv": [2, 7, 4, 8], "texture": "#0"},
				"up": {"uv": [0, 6, 1, 8], "texture": "#0"},
				"down": {"uv": [2, 3, 3, 5], "texture": "#0"}
			}
		},
		{
			"from": [6, 3, 6],
			"to": [10, 4, 7],
			"faces": {
				"north": {"uv": [0, 4, 4, 5], "texture": "#0"},
				"east": {"uv": [0, 3, 1, 4], "texture": "#0"},
				"south": {"uv": [1, 5, 5, 6], "texture": "#0"},
				"west": {"uv": [2, 7, 3, 8], "texture": "#0"},
				"up": {"uv": [0, 6, 4, 7], "texture": "#0"},
				"down": {"uv": [2, 3, 6, 4], "texture": "#0"}
			}
		},
		{
			"from": [7, 3, 7],
			"to": [9, 3, 9],
			"faces": {
				"north": {"uv": [0, 0, 2, 0], "texture": "#1"},
				"east": {"uv": [0, 0, 2, 0], "texture": "#1"},
				"south": {"uv": [0, 0, 2, 0], "texture": "#1"},
				"west": {"uv": [0, 0, 2, 0], "texture": "#1"},
				"up": {"uv": [0, 0, 2, 2], "texture": "#1"},
				"down": {"uv": [0, 0, 2, 2], "texture": "#1"}
			}
		},
		{
			"from": [-0.17678, 3, 7.95495],
			"to": [15.82322, 17.4, 7.95495],
			"rotation": {"angle": 45, "axis": "y", "origin": [7.82322, 10.2, 7.95495]},
			"color": 7,
			"faces": {
				"north": {"uv": [0, 0, 16, 14.4], "texture": "#plant"},
				"east": {"uv": [0, 0, 0, 14.4], "texture": "#plant"},
				"south": {"uv": [0, 0, 16, 14.4], "texture": "#plant"},
				"west": {"uv": [0, 0, 0, 14.4], "texture": "#plant"},
				"up": {"uv": [0, 0, 16, 0], "texture": "#missing"},
				"down": {"uv": [0, 0, 16, 0], "texture": "#missing"}
			}
		},
		{
			"from": [-0.17678, 3, 7.95495],
			"to": [15.82322, 17.4, 7.95495],
			"rotation": {"angle": -45, "axis": "y", "origin": [7.82322, 10.2, 7.95495]},
			"color": 7,
			"faces": {
				"north": {"uv": [0, 0, 16, 14.4], "texture": "#plant"},
				"east": {"uv": [0, 0, 0, 14.4], "texture": "#plant"},
				"south": {"uv": [0, 0, 16, 14.4], "texture": "#plant"},
				"west": {"uv": [0, 0, 0, 14.4], "texture": "#plant"},
				"up": {"uv": [0, 0, 16, 0], "texture": "#missing"},
				"down": {"uv": [0, 0, 16, 0], "texture": "#missing"}
			}
		}
	]
}