{
	"credit": "Made with Blockbench",
	"ambientocclusion": false,
	"textures": {
		"0": "block/pot_flat",
		"1": "block/dirt",
		"2": "block/pot_bottom",
		"particle": "block/pot_flat"
	},
	"elements": [
		{
			"from": [3, 0, 3],
			"to": [13, 1, 13],
			"faces": {
				"north": {"uv": [0, 4, 10, 5], "texture": "#0"},
				"east": {"uv": [1, 4, 11, 5], "texture": "#0"},
				"south": {"uv": [1, 0, 11, 1], "texture": "#0"},
				"west": {"uv": [2, 4, 12, 5], "texture": "#0"},
				"up": {"uv": [0, 4, 10, 14], "texture": "#0"},
				"down": {"uv": [0, 0, 10, 10], "texture": "#2"}
			}
		},
		{
			"from": [2, 1, 2],
			"to": [14, 3, 14],
			"faces": {
				"north": {"uv": [0, 1, 12, 3], "texture": "#0"},
				"east": {"uv": [0, 1, 12, 3], "texture": "#0"},
				"south": {"uv": [0, 1, 12, 3], "texture": "#0"},
				"west": {"uv": [0, 1, 12, 3], "texture": "#0"},
				"up": {"uv": [0, 4, 12, 16], "texture": "#1"},
				"down": {"uv": [0, 4, 12, 16], "texture": "#0"}
			}
		},
		{
			"from": [12, 3, 2],
			"to": [14, 4, 14],
			"faces": {
				"north": {"uv": [1, 2, 3, 3], "texture": "#0"},
				"east": {"uv": [0, 2, 12, 3], "texture": "#0"},
				"south": {"uv": [3, 2, 5, 3], "texture": "#0"},
				"west": {"uv": [0, 0, 12, 1], "texture": "#0"},
				"up": {"uv": [0, 2, 12, 0], "rotation": 90, "texture": "#0"},
				"down": {"uv": [16, 0, 14, 12], "texture": "#0"}
			}
		},
		{
			"from": [4, 3, 12],
			"to": [12, 4, 14],
			"faces": {
				"north": {"uv": [0, 4, 8, 5], "texture": "#0"},
				"east": {"uv": [0, 0, 2, 1], "texture": "#0"},
				"south": {"uv": [1, 0, 9, 1], "texture": "#0"},
				"west": {"uv": [0, 0, 2, 1], "texture": "#0"},
				"up": {"uv": [2, 2, 10, 4], "texture": "#0"},
				"down": {"uv": [14, 8, 16, 16], "rotation": 90, "texture": "#0"}
			}
		},
		{
			"from": [4, 3, 2],
			"to": [12, 4, 4],
			"faces": {
				"north": {"uv": [0, 4, 8, 5], "texture": "#0"},
				"east": {"uv": [0, 0, 2, 1], "texture": "#0"},
				"south": {"uv": [1, 0, 9, 1], "texture": "#0"},
				"west": {"uv": [0, 0, 2, 1], "texture": "#0"},
				"up": {"uv": [2, 4, 10, 2], "texture": "#0"},
				"down": {"uv": [0, 4, 8, 6], "texture": "#0"}
			}
		},
		{
			"from": [2, 3, 2],
			"to": [4, 4, 14],
			"faces": {
				"north": {"uv": [0, 2, 2, 3], "texture": "#0"},
				"east": {"uv": [0, 0, 12, 1], "texture": "#0"},
				"south": {"uv": [5, 2, 7, 3], "texture": "#0"},
				"west": {"uv": [0, 2, 12, 3], "texture": "#0"},
				"up": {"uv": [0, 0, 12, 2], "rotation": 90, "texture": "#0"},
				"down": {"uv": [14, 4, 16, 16], "texture": "#0"}
			}
		},
		{
			"from": [0, 3, 8.13173],
			"to": [16, 17.4, 8.13173],
			"rotation": {"angle": -45, "axis": "y", "origin": [8, 10.2, 8.13173]},
			"color": 4,
			"faces": {
				"north": {"uv": [0, 0, 16, 14.4], "texture": "#plant"},
				"east": {"uv": [0, 0, 0, 14.4], "texture": "#plant"},
				"south": {"uv": [0, 0, 16, 14.4], "texture": "#plant"},
				"west": {"uv": [0, 0, 0, 14.4], "texture": "#plant"},
				"up": {"uv": [0, 0, 16, 0], "texture": "#missing"},
				"down": {"uv": [0, 0, 16, 0], "texture": "#missing"}
			}
		},
		{
			"from": [0, 3, 8.13173],
			"to": [16, 17.4, 8.13173],
			"rotation": {"angle": 45, "axis": "y", "origin": [8, 10.2, 8.13173]},
			"color": 4,
			"faces": {
				"north": {"uv": [0, 0, 16, 14.4], "texture": "#plant"},
				"east": {"uv": [0, 0, 0, 14.4], "texture": "#plant"},
				"south": {"uv": [0, 0, 16, 14.4], "texture": "#plant"},
				"west": {"uv": [0, 0, 0, 14.4], "texture": "#plant"},
				"up": {"uv": [0, 0, 16, 0], "texture": "#missing"},
				"down": {"uv": [0, 0, 16, 0], "texture": "#missing"}
			}
		}
	],
	"groups": [
		0,
		1,
		2,
		3,
		4,
		5,
		{
			"name": "group",
			"origin": [8, 10.2, 8.13173],
			"color": 0,
			"children": [6, 7]
		}
	]
}