{
	"credit": "Made with Blockbench",
	"ambientocclusion": false,
	"textures": {
		"0": "block/pot_big",
		"1": "block/dirt",
		"particle": "block/pot_big"
	},
	"elements": [
		{
			"from": [5, 0, 5],
			"to": [11, 1, 11],
			"faces": {
				"north": {"uv": [10, 2, 16, 3], "texture": "#0"},
				"east": {"uv": [10, 1, 16, 2], "texture": "#0"},
				"south": {"uv": [10, 5, 16, 6], "texture": "#0"},
				"west": {"uv": [10, 0, 16, 1], "texture": "#0"},
				"up": {"uv": [10, 0, 16, 6], "texture": "#0"},
				"down": {"uv": [10, 0, 16, 6], "texture": "#0"}
			}
		},
		{
			"from": [5, 7, 5],
			"to": [11, 8, 11],
			"faces": {
				"north": {"uv": [0, 9, 6, 10], "texture": "#0"},
				"east": {"uv": [0, 8, 6, 9], "texture": "#0"},
				"south": {"uv": [0, 7, 6, 8], "texture": "#0"},
				"west": {"uv": [0, 6, 6, 7], "texture": "#0"},
				"up": {"uv": [0, 6, 6, 12], "texture": "#0"},
				"down": {"uv": [0, 6, 6, 12], "texture": "#0"}
			}
		},
		{
			"from": [6, 8, 6],
			"to": [10, 9, 10],
			"faces": {
				"north": {"uv": [1, 0, 5, 1], "texture": "#0"},
				"east": {"uv": [1, 0, 5, 1], "texture": "#0"},
				"south": {"uv": [1, 0, 5, 1], "texture": "#0"},
				"west": {"uv": [1, 0, 5, 1], "texture": "#0"},
				"up": {"uv": [0, 6, 4, 10], "texture": "#0"},
				"down": {"uv": [0, 6, 4, 10], "texture": "#0"}
			}
		},
		{
			"from": [7, 9, 7],
			"to": [9, 11, 9],
			"faces": {
				"north": {"uv": [1, 0, 3, 2], "texture": "#0"},
				"east": {"uv": [1, 0, 3, 2], "texture": "#0"},
				"south": {"uv": [1, 0, 3, 2], "texture": "#0"},
				"west": {"uv": [1, 0, 3, 2], "texture": "#0"},
				"up": {"uv": [1, 0, 3, 2], "texture": "#0"},
				"down": {"uv": [1, 0, 3, 2], "texture": "#0"}
			}
		},
		{
			"from": [6, 11, 6],
			"to": [10, 12, 7],
			"faces": {
				"north": {"uv": [0, 6, 4, 7], "texture": "#0"},
				"east": {"uv": [0, 6, 1, 7], "texture": "#0"},
				"south": {"uv": [0, 6, 4, 7], "texture": "#0"},
				"west": {"uv": [0, 6, 1, 7], "texture": "#0"},
				"up": {"uv": [0, 6, 4, 7], "texture": "#0"},
				"down": {"uv": [0, 6, 4, 7], "texture": "#0"}
			}
		},
		{
			"from": [6, 11, 7],
			"to": [7, 12, 9],
			"faces": {
				"north": {"uv": [0, 6, 4, 7], "texture": "#0"},
				"east": {"uv": [0, 6, 2, 7], "texture": "#0"},
				"south": {"uv": [0, 6, 4, 7], "texture": "#0"},
				"west": {"uv": [0, 6, 2, 7], "texture": "#0"},
				"up": {"uv": [0, 6, 1, 8], "texture": "#0"},
				"down": {"uv": [0, 6, 1, 8], "texture": "#0"}
			}
		},
		{
			"from": [9, 11, 7],
			"to": [10, 12, 9],
			"faces": {
				"north": {"uv": [0, 6, 4, 7], "texture": "#0"},
				"east": {"uv": [0, 6, 2, 7], "texture": "#0"},
				"south": {"uv": [0, 6, 4, 7], "texture": "#0"},
				"west": {"uv": [0, 6, 2, 7], "texture": "#0"},
				"up": {"uv": [0, 6, 1, 8], "texture": "#0"},
				"down": {"uv": [0, 6, 1, 8], "texture": "#0"}
			}
		},
		{
			"from": [6, 11, 9],
			"to": [10, 12, 10],
			"faces": {
				"north": {"uv": [0, 6, 4, 7], "texture": "#0"},
				"east": {"uv": [0, 6, 1, 7], "texture": "#0"},
				"south": {"uv": [0, 6, 4, 7], "texture": "#0"},
				"west": {"uv": [0, 6, 1, 7], "texture": "#0"},
				"up": {"uv": [0, 6, 4, 7], "texture": "#0"},
				"down": {"uv": [0, 6, 4, 7], "texture": "#0"}
			}
		},
		{
			"from": [4, 1, 4],
			"to": [12, 7, 12],
			"faces": {
				"north": {"uv": [0, 0, 8, 6], "texture": "#0"},
				"east": {"uv": [0, 0, 8, 6], "texture": "#0"},
				"south": {"uv": [0, 0, 8, 6], "texture": "#0"},
				"west": {"uv": [0, 0, 8, 6], "texture": "#0"},
				"up": {"uv": [0, 6, 8, 14], "texture": "#0"},
				"down": {"uv": [0, 6, 8, 14], "texture": "#0"}
			}
		},
		{
			"from": [8.12132, 11, -0.22183],
			"to": [8.12132, 25.4, 15.77817],
			"rotation": {"angle": -45, "axis": "y", "origin": [8.12132, 16.4, 7.77817]},
			"faces": {
				"north": {"uv": [0, 0, 10.8, 0], "rotation": 90, "texture": "#plant"},
				"east": {"uv": [0, 15.8, 16, 0], "rotation": 180, "texture": "#plant"},
				"south": {"uv": [0, 0, 10.8, 0], "rotation": 270, "texture": "#plant"},
				"west": {"uv": [0, 0, 16, 15.8], "texture": "#plant"},
				"up": {"uv": [0, 0, 12, 0], "rotation": 270, "texture": "#missing"},
				"down": {"uv": [0, 0, 12, 0], "rotation": 270, "texture": "#missing"}
			}
		},
		{
			"from": [5, 11, 4],
			"to": [21, 25.4, 4],
			"rotation": {"angle": -45, "axis": "y", "origin": [6, 10.4, 0]},
			"faces": {
				"north": {"uv": [0, 15.8, 16, 0], "rotation": 180, "texture": "#plant"},
				"east": {"uv": [0, 0, 10.8, 0], "rotation": 270, "texture": "#missing"},
				"south": {"uv": [0, 0, 16, 15.8], "texture": "#plant"},
				"west": {"uv": [0, 0, 10.8, 0], "rotation": 90, "texture": "#missing"},
				"up": {"uv": [0, 0, 12, 0], "rotation": 180, "texture": "#missing"},
				"down": {"uv": [0, 0, 12, 0], "texture": "#missing"}
			}
		},
		{
			"from": [7, 11, 7],
			"to": [9, 11, 9],
			"faces": {
				"north": {"uv": [0, 0, 2, 0], "texture": "#1"},
				"east": {"uv": [0, 0, 2, 0], "texture": "#1"},
				"south": {"uv": [0, 0, 2, 0], "texture": "#1"},
				"west": {"uv": [0, 0, 2, 0], "texture": "#1"},
				"up": {"uv": [0, 0, 2, 2], "texture": "#1"},
				"down": {"uv": [0, 0, 2, 2], "texture": "#1"}
			}
		}
	],
	"groups": [
		0,
		1,
		2,
		3,
		4,
		5,
		6,
		7,
		8,
		{
			"name": "group",
			"origin": [6, 10.4, 0],
			"color": 0,
			"children": [9, 10]
		},
		{
			"name": "group",
			"origin": [0, 0, 0],
			"color": 0,
			"children": [11]
		}
	]
}