{
	"credit": "Made with Blockbench",
	"ambientocclusion": false,
	"textures": {
		"0": "block/dirt",
		"1": "block/pot_bottom",
		"2": "block/pot_huge",
		"3": "block/pot_blank",
		"particle": "block/dirt"
	},
	"elements": [
		{
			"from": [4, 0, 4],
			"to": [12, 2, 12],
			"faces": {
				"north": {"uv": [12, 8, 10, 16], "rotation": 90, "texture": "#2"},
				"east": {"uv": [12, 8, 10, 16], "rotation": 90, "texture": "#2"},
				"south": {"uv": [12, 8, 10, 16], "rotation": 90, "texture": "#2"},
				"west": {"uv": [12, 8, 10, 16], "rotation": 90, "texture": "#2"},
				"up": {"uv": [0, 0, 8, 8], "texture": "#2"},
				"down": {"uv": [1, 1, 9, 9], "texture": "#1"}
			}
		},
		{
			"from": [3, 2, 3],
			"to": [13, 10, 13],
			"faces": {
				"north": {"uv": [0, 0, 10, 8], "texture": "#2"},
				"east": {"uv": [0, 0, 10, 8], "texture": "#2"},
				"south": {"uv": [0, 0, 10, 8], "texture": "#2"},
				"west": {"uv": [0, 0, 10, 8], "texture": "#2"},
				"up": {"uv": [0, 0, 10, 10], "texture": "#3"},
				"down": {"uv": [6, 0, 16, 10], "texture": "#3"}
			}
		},
		{
			"from": [11, 12, 5],
			"to": [13, 14, 11],
			"faces": {
				"north": {"uv": [0, 0, 2, 2], "texture": "#3"},
				"east": {"uv": [0, 0, 6, 2], "texture": "#3"},
				"south": {"uv": [0, 0, 2, 2], "texture": "#3"},
				"west": {"uv": [0, 0, 6, 2], "texture": "#3"},
				"up": {"uv": [0, 0, 2, 6], "texture": "#3"},
				"down": {"uv": [0, 0, 2, 6], "texture": "#3"}
			}
		},
		{
			"from": [3, 12, 3],
			"to": [13, 14, 5],
			"faces": {
				"north": {"uv": [0, 0, 10, 2], "texture": "#3"},
				"east": {"uv": [0, 0, 2, 2], "texture": "#3"},
				"south": {"uv": [0, 0, 10, 2], "texture": "#3"},
				"west": {"uv": [0, 0, 2, 2], "texture": "#3"},
				"up": {"uv": [0, 0, 10, 2], "texture": "#3"},
				"down": {"uv": [0, 0, 10, 2], "texture": "#3"}
			}
		},
		{
			"from": [3, 12, 5],
			"to": [5, 14, 11],
			"faces": {
				"north": {"uv": [0, 0, 2, 2], "texture": "#3"},
				"east": {"uv": [0, 0, 6, 2], "texture": "#3"},
				"south": {"uv": [0, 0, 2, 2], "texture": "#3"},
				"west": {"uv": [0, 0, 6, 2], "texture": "#3"},
				"up": {"uv": [0, 0, 2, 6], "texture": "#3"},
				"down": {"uv": [0, 0, 2, 6], "texture": "#3"}
			}
		},
		{
			"from": [3, 12, 11],
			"to": [13, 14, 13],
			"faces": {
				"north": {"uv": [0, 0, 10, 2], "texture": "#3"},
				"east": {"uv": [0, 0, 2, 2], "texture": "#3"},
				"south": {"uv": [0, 0, 10, 2], "texture": "#3"},
				"west": {"uv": [0, 0, 2, 2], "texture": "#3"},
				"up": {"uv": [0, 0, 10, 2], "texture": "#3"},
				"down": {"uv": [0, 0, 10, 2], "texture": "#3"}
			}
		},
		{
			"from": [4, 10, 4],
			"to": [12, 12, 12],
			"faces": {
				"north": {"uv": [0, 0, 8, 2], "texture": "#2"},
				"east": {"uv": [0, 0, 8, 2], "texture": "#2"},
				"south": {"uv": [0, 0, 8, 2], "texture": "#2"},
				"west": {"uv": [0, 0, 8, 2], "texture": "#2"},
				"up": {"uv": [0, 0, 8, 8], "texture": "#2"},
				"down": {"uv": [0, 0, 8, 8], "texture": "#2"}
			}
		},
		{
			"from": [5, 13, 5],
			"to": [11, 13, 11],
			"faces": {
				"north": {"uv": [0, 0, 6, 0], "texture": "#2"},
				"east": {"uv": [0, 0, 6, 0], "texture": "#2"},
				"south": {"uv": [0, 0, 6, 0], "texture": "#2"},
				"west": {"uv": [0, 0, 6, 0], "texture": "#2"},
				"up": {"uv": [0, 0, 6, 6], "texture": "#0"},
				"down": {"uv": [0, 0, 6, 6], "texture": "#0"}
			}
		},
		{
			"from": [5, 13, 4],
			"to": [21, 27.4, 4],
			"rotation": {"angle": -45, "axis": "y", "origin": [6, 13.4, 0]},
			"faces": {
				"north": {"uv": [0, 0, 16, 15.8], "texture": "#plant"},
				"east": {"uv": [0, 0, 0, 10.8], "texture": "#plant"},
				"south": {"uv": [0, 0, 16, 15.8], "texture": "#plant"},
				"west": {"uv": [0, 0, 0, 10.8], "texture": "#plant"},
				"up": {"uv": [0, 0, 12, 0], "texture": "#missing"},
				"down": {"uv": [0, 0, 12, 0], "texture": "#missing"}
			}
		},
		{
			"from": [8.12132, 13, -0.22183],
			"to": [8.12132, 27.4, 15.77817],
			"rotation": {"angle": -45, "axis": "y", "origin": [8.12132, 18.4, 7.77817]},
			"faces": {
				"north": {"uv": [0, 0, 0, 10.8], "texture": "#plant"},
				"east": {"uv": [0, 0, 16, 15.8], "texture": "#plant"},
				"south": {"uv": [0, 0, 0, 10.8], "texture": "#plant"},
				"west": {"uv": [0, 0, 16, 15.8], "texture": "#plant"},
				"up": {"uv": [0, 0, 12, 0], "rotation": 90, "texture": "#missing"},
				"down": {"uv": [0, 0, 12, 0], "rotation": 270, "texture": "#missing"}
			}
		}
	],
	"groups": [
		0,
		1,
		{
			"name": "group",
			"origin": [0, 0, 0],
			"color": 0,
			"children": [2, 3, 4, 5, 6, 7]
		},
		8,
		9
	]
}