{
	"credit": "Made with Blockbench",
	"ambientocclusion": false,
	"textures": {
		"0": "block/pot_small",
		"1": "block/dirt",
		"particle": "block/pot_small"
	},
	"elements": [
		{
			"from": [6, 0, 6],
			"to": [10, 1, 10],
			"faces": {
				"north": {"uv": [0, 0, 4, 1], "texture": "#0"},
				"east": {"uv": [0, 0, 4, 1], "texture": "#0"},
				"south": {"uv": [0, 0, 4, 1], "texture": "#0"},
				"west": {"uv": [0, 0, 4, 1], "texture": "#0"},
				"up": {"uv": [4, 10, 8, 14], "texture": "#0"},
				"down": {"uv": [0, 10, 4, 14], "texture": "#0"}
			}
		},
		{
			"from": [5, 1, 5],
			"to": [11, 4, 11],
			"faces": {
				"north": {"uv": [0, 1, 6, 4], "texture": "#0"},
				"east": {"uv": [6, 1, 0, 4], "texture": "#0"},
				"south": {"uv": [0, 1, 6, 4], "texture": "#0"},
				"west": {"uv": [0, 3, 6, 0], "texture": "#0"},
				"up": {"uv": [0, 0, 6, 6], "texture": "#1"},
				"down": {"uv": [0, 4, 6, 10], "texture": "#0"}
			}
		},
		{
			"from": [5, 4, 5],
			"to": [11, 4, 11],
			"faces": {
				"north": {"uv": [0, 0, 6, 0], "texture": "#0"},
				"east": {"uv": [0, 0, 6, 0], "texture": "#0"},
				"south": {"uv": [0, 0, 6, 0], "texture": "#0"},
				"west": {"uv": [0, 0, 6, 0], "texture": "#0"},
				"up": {"uv": [0, 0, 6, 6], "texture": "#1"},
				"down": {"uv": [0, 0, 6, 6], "texture": "#0"}
			}
		},
		{
			"from": [5, 4, 5],
			"to": [11, 5, 6],
			"faces": {
				"north": {"uv": [0, 0, 6, 1], "texture": "#0"},
				"east": {"uv": [0, 0, 1, 1], "texture": "#0"},
				"south": {"uv": [0, 0, 6, 1], "texture": "#0"},
				"west": {"uv": [0, 0, 1, 1], "texture": "#0"},
				"up": {"uv": [0, 0, 6, 1], "texture": "#0"},
				"down": {"uv": [0, 0, 6, 1], "texture": "#0"}
			}
		},
		{
			"from": [5, 4, 6],
			"to": [6, 5, 10],
			"faces": {
				"north": {"uv": [0, 0, 1, 1], "texture": "#0"},
				"east": {"uv": [0, 0, 4, 1], "texture": "#0"},
				"south": {"uv": [0, 0, 1, 1], "texture": "#0"},
				"west": {"uv": [0, 0, 4, 1], "texture": "#0"},
				"up": {"uv": [0, 3, 1, 7], "texture": "#0"},
				"down": {"uv": [0, 3, 1, 7], "texture": "#0"}
			}
		},
		{
			"from": [5, 4, 10],
			"to": [11, 5, 11],
			"faces": {
				"north": {"uv": [0, 0, 6, 1], "texture": "#0"},
				"east": {"uv": [0, 0, 1, 1], "texture": "#0"},
				"south": {"uv": [0, 0, 6, 1], "texture": "#0"},
				"west": {"uv": [0, 0, 1, 1], "texture": "#0"},
				"up": {"uv": [0, 0, 6, 1], "texture": "#0"},
				"down": {"uv": [0, 0, 6, 1], "texture": "#0"}
			}
		},
		{
			"from": [10, 4, 6],
			"to": [11, 5, 10],
			"faces": {
				"north": {"uv": [0, 0, 1, 1], "texture": "#0"},
				"east": {"uv": [0, 0, 4, 1], "texture": "#0"},
				"south": {"uv": [0, 0, 1, 1], "texture": "#0"},
				"west": {"uv": [0, 0, 4, 1], "texture": "#0"},
				"up": {"uv": [0, 3, 1, 7], "texture": "#0"},
				"down": {"uv": [1, 3, 2, 7], "texture": "#0"}
			}
		},
		{
			"from": [-0.09835, 4, 7.82322],
			"to": [15.90165, 18.4, 7.82322],
			"rotation": {"angle": 45, "axis": "y", "origin": [8.05165, 10, 7.82322]},
			"faces": {
				"north": {"uv": [0, 0, 16, 16], "texture": "#plant"},
				"east": {"uv": [0, 0, 0, 10.8], "texture": "#plant"},
				"south": {"uv": [0, 0, 16, 15.8], "texture": "#plant"},
				"west": {"uv": [0, 0, 0, 10.8], "texture": "#plant"},
				"up": {"uv": [0, 0, 12, 0], "texture": "#missing"},
				"down": {"uv": [0, 0, 12, 0], "texture": "#missing"}
			}
		},
		{
			"from": [0.15165, 4, 7.82322],
			"to": [16.15165, 18.4, 7.82322],
			"rotation": {"angle": -45, "axis": "y", "origin": [8.05165, 10, 7.82322]},
			"faces": {
				"north": {"uv": [0, 0, 16, 15.8], "texture": "#plant"},
				"east": {"uv": [0, 0, 0, 10.8], "texture": "#plant"},
				"south": {"uv": [0, 0, 16, 15.8], "texture": "#plant"},
				"west": {"uv": [0, 0, 0, 10.8], "texture": "#plant"},
				"up": {"uv": [0, 0, 12, 0], "texture": "#missing"},
				"down": {"uv": [0, 0, 12, 0], "texture": "#missing"}
			}
		}
	],
	"groups": [
		0,
		1,
		2,
		{
			"name": "group",
			"origin": [0, 0, 0],
			"color": 0,
			"children": [3, 4, 5, 6]
		},
		7,
		8
	]
}