{
	"credit": "Made with Blockbench",
	"textures": {
		"1": "block/heavy_core",
		"2": "item/mace_handle",
		"particle": "item/breeze_rod"
	},
	"elements": [
		{
			"from": [4, 14, 4],
			"to": [12, 22, 12],
			"rotation": {"angle": 0, "axis": "x", "origin": [4, 14, 4]},
			"faces": {
				"north": {"uv": [0, 8, 8, 16], "texture": "#1"},
				"east": {"uv": [0, 8, 8, 16], "texture": "#1"},
				"south": {"uv": [0, 8, 8, 16], "texture": "#1"},
				"west": {"uv": [0, 8, 8, 16], "texture": "#1"},
				"up": {"uv": [0, 0, 8, 8], "texture": "#1"},
				"down": {"uv": [8, 0, 16, 8], "texture": "#1"}
			}
		},
		{
			"from": [7, 0, 7],
			"to": [9, 14, 9],
			"rotation": {"angle": 0, "axis": "y", "origin": [7, 0, 7]},
			"faces": {
				"north": {"uv": [0, 0, 2, 14], "texture": "#2"},
				"east": {"uv": [2, 0, 4, 14], "texture": "#2"},
				"south": {"uv": [4, 0, 6, 14], "texture": "#2"},
				"west": {"uv": [6, 0, 8, 14], "texture": "#2"}
			}
		},
		{
			"from": [7.2, 21.25, 7.1],
			"to": [8.8, 23.25, 8.9],
			"rotation": {"angle": 0, "axis": "y", "origin": [7, 22.25, 7]},
			"faces": {
				"north": {"uv": [16, 4, 14.2, 6], "texture": "#1"},
				"east": {"uv": [14, 4, 16, 6], "texture": "#1"},
				"south": {"uv": [16, 4, 14.2, 6], "texture": "#1"},
				"west": {"uv": [14, 4, 16, 6], "texture": "#1"},
				"up": {"uv": [0, 0, 1.8, 2], "texture": "#missing"},
				"down": {"uv": [0, 0, 1.8, 2], "texture": "#missing"}
			}
		},
		{
			"from": [6.5, -0.5, 6.5],
			"to": [9.5, 2.5, 9.5],
			"rotation": {"angle": 0, "axis": "x", "origin": [7, 0, 7]},
			"faces": {
				"north": {"uv": [6, 3, 3, 6], "texture": "#1"},
				"east": {"uv": [3, 3, 6, 6], "texture": "#1"},
				"south": {"uv": [6, 3, 3, 6], "texture": "#1"},
				"west": {"uv": [3, 3, 6, 6], "texture": "#1"},
				"up": {"uv": [13, 5, 16, 8], "texture": "#1"},
				"down": {"uv": [13, 5, 16, 8], "texture": "#1"}
			}
		},
		{
			"from": [7, 22.25, 7],
			"to": [9, 24.25, 9],
			"rotation": {"angle": 45, "axis": "x", "origin": [8, 23.25, 8]},
			"faces": {
				"north": {"uv": [6, 3, 4, 5], "texture": "#1"},
				"east": {"uv": [6, 4, 4, 6], "texture": "#1"},
				"south": {"uv": [4, 5, 6, 3], "texture": "#1"},
				"west": {"uv": [4, 3, 6, 5], "texture": "#1"},
				"up": {"uv": [4, 3, 6, 5], "texture": "#1"},
				"down": {"uv": [4, 3, 6, 5], "texture": "#1"}
			}
		}
	],
	"gui_light": "front",
	"display": {
		"thirdperson_righthand": {
			"translation": [0, 0.25, 1.5],
			"scale": [0.75, 0.75, 0.75]
		},
		"thirdperson_lefthand": {
			"translation": [0, 0.25, 1.5],
			"scale": [0.75, 0.75, 0.75]
		},
		"firstperson_righthand": {
			"rotation": [13, -96, 21],
			"translation": [0, -1, 1.13],
			"scale": [0.68, 0.68, 0.68]
		},
		"firstperson_lefthand": {
			"rotation": [13, -96, 21],
			"translation": [0, -1, 1.13],
			"scale": [0.68, 0.68, 0.68]
		},
		"ground": {
			"translation": [0, 3, 0],
			"scale": [0.5, 0.5, 0.5]
		},
		"gui": {
			"rotation": [-45, -45, -70],
			"translation": [-2, -2, 0],
			"scale": [0.7, 0.7, 0.7]
		},
		"head": {
			"translation": [0, 15, 0]
		},
		"fixed": {
			"rotation": [90, -45, 90],
			"translation": [2.5, -2.5, 0],
			"scale": [0.75, 0.75, 0.75]
		}
	}
}